surname,316,704,87,34,pass10.jpg,900,1200
id,41,1007,823,89,pass10.jpg,900,1200
surname,301,697,97,45,pass4.jpg,900,1200
id,13,1147,757,53,pass4.jpg,900,1200
surname,329,695,161,40,pass5.jpg,900,1200
id,56,1054,761,108,pass5.jpg,900,1200
surname,329,693,98,21,pass6.jpg,900,1200
id,75,1009,744,87,pass6.jpg,900,1200
surname,336,674,51,38,pass8.jpg,900,1200
id,58,1045,742,85,pass8.jpg,900,1200
surname,331,596,93,42,pass9.jpg,900,1200
id,102,916,679,93,pass9.jpg,900,1200
surname,386,678,78,28,pass3.jpg,900,1200
id,159,916,640,93,pass3.jpg,900,1200